COSTOS BARATERO ,,,,
CONS.,C.B.A,DESCRIPCIÓN,UNIDAD DE MEDIDA, PRECIO UNITARIO 
ABARROTES ,480 702 0102 00,Aceite de cártamo (1000 ml),BOTELLA DE 1000 ml,
ABARROTES ,480 702 0105 00,Aceite de oliva (1000 ml),BOTELLA DE 1000 ml,
ABARROTES ,480 702 0106 00,Aceite puro de canola (1000 ml),BOTELLA DE 1000 ml,
ABARROTES ,480 704 0100 00,Aceituna verde c/semilla envase de vidrio o plástico de (500 g),ENVASE DE 500 g,
ABARROTES ,480 809 0100 01,Achiote en pasta caja de cartón de (110 g) ,CAJA DE 110 g,
ABARROTES ,480 802 0100 00,Ajo en bulbo grande (1000 g),KILO,
ABARROTES ,480 802 0200 00,"Ajonjolí envasada en frasco de vidrio, plástico o bolsa de polietileno ",KILO,
ABARROTES ,480 704 0200 00,Almendra tostada s/sal empaquetada bolsa de material impermeable (1000g),KILO,
ABARROTES ,480 501 0301 00,Alubia  (1000 g),KILO,
ABARROTES ,480 401 0100 00,Amaranto en semilla empaquetada en bolsas de polietileno (1000 g),KILO,
ABARROTES ,480 802 0300 00,Anís (60 g),PIEZA DE 60 g,
ABARROTES ,480 402 0100 00,Arroz integral  (1000 g),KILO,
ABARROTES ,480 402 0200 00,Arroz pulido (1000g),KILO,
ABARROTES ,480 610 0100 01,Ate de frutas lata (1000 g),LATA DE 1000 g,
ABARROTES ,480 106 0101 03 ,Atún en aceite (lata 1880 g),LATA DE 1880 g,
ABARROTES ,480 106 0101 00 ,Atún en aceite (lata 140 g),LATA DE 140 g,
ABARROTES ,480 106 0102 03 ,Atún en agua (lata 1880 g),LATA DE 1880 g,
ABARROTES ,480 106 0102 00 ,Atún en agua lata (140 g),LATA DE 140 g,
ABARROTES ,480 403 0100 00,Avena integral (1000 g),KILO,
ABARROTES ,480 403 0200 00,Avena laminada (hojuelas 1000 g),KILO,
ABARROTES ,480 601 0100 01,Azúcar moreno (1000 g),KILO,
ABARROTES ,480 601 0201 00,Azúcar refinado (1000 sobres de 5 g),CAJA C/1000 SOBRES,
ABARROTES ,480 406 0200 00,Barras de cereales mixtos rellenas de frutas (37 g),PAQUETE,
ABARROTES ,480 704 0300 00,Cacahuate tostado sin sal y sin cáscara (1000g),KILO,
ABARROTES ,480 806 0101 00,Café puro en grano tostado y molido (1000 g),KILO,
ABARROTES ,480 806 0102 00,Café puro soluble frasco de vidrio (200 g),FRASCO DE 200 g,
ABARROTES ,480 806 0103 00,Café soluble descafeinado frasco de vidrio (200 g),FRASCO DE 200 g,
ABARROTES ,480 802 0400 00,Canela en raja plástico-sellada o envasada en frasco de vidrio (1000 g),KILO,
ABARROTES ,480 802 0401 01,Canela molida plástico sellada o envasada en frasco de vidrio (60 g),ENVASE DE 60 g,
ABARROTES ,480 401 0300 00,Cereal de amaranto precocido (270 g),PIEZA DE 270 g,
ABARROTES ,480 402 0300 00 ,Cereal de arroz precocido (270 g),PIEZA DE 270 g,
ABARROTES ,480 403 0400 00,Cereal de avena precocido (270 g),PIEZA DE 270 g,
ABARROTES ,480 403 0600 00,Cereal de trigo precocido (270 g),PIEZA DE 270 g,
ABARROTES ,480 406 0300 00,Cereal precocido mixto de cuatro cereales (Lata 270 g),PIEZA DE 270 g,
ABARROTES ,480 302 1501 00,Chile seco ancho,KILO,
ABARROTES ,480 302 1502 00,Chile seco árbol,KILO,
ABARROTES ,480 302 1503 00,Chile seco cascabel,KILO,
ABARROTES ,480 302 1504 00,Chile seco chipotle,KILO,
ABARROTES ,480 302 1505 00,Chile seco guajillo,KILO,
ABARROTES ,480 302 1506 00,Chile seco morita,KILO,
ABARROTES ,480 302 1507 00,Chile seco mulato,KILO,
ABARROTES ,480 302 1508 00,Chile seco pasilla,KILO,
ABARROTES ,480 302 1600 01,Chile serrano envasado lata (800 g),LATA DE 800 g,
ABARROTES ,480 302 1600 01,Chile chipotle adobado lata (215 g),LATA DE 215 g,
ABARROTES ,480 302 1603 02,Chiles jalapeńos rajas lata (800 g),LATA DE 800 g,
ABARROTES ,480 302 1602 01,Chiles jalapeńos enteros lata (800 g),LATA DE 800 g,
ABARROTES ,480 604 0100 00,Chocolate de Mesa con Azúcar (1000 g),EMPAQUE DE 1000 g,
ABARROTES ,480 604 0200 00,Chocolate en polvo (1000 g) (chocomilk),EMPAQUE DE 1000 g,
ABARROTES ,480 505 0300 00,Chorizo vegetariano (1000 g),KILO,
ABARROTES ,480 802 0501 00,Clavo molido (60 g),EMPAQUE DE 60 g,
ABARROTES ,480 801 0100 01,Color vegetal envase de plástico (30 ml),ENVASE DE 30 ml,
ABARROTES ,480 802 0600 01,Comino entero (60 g),EMPAQUE DE 60 g,
ABARROTES ,480 802 0601 00,Comino molido (60 g),EMPAQUE DE 60 g,
ABARROTES ,480 809 0200 00,Consome de pollo deshidratado en polvo (1000 g),KILO,
ABARROTES ,480 704 0301 00,Crema de cacahuate (450 g),ENVASE DE 450 g,
ABARROTES ,480 401 0400 00,Dulce amaranto (alegría 30 g) ,PIEZA DE 30 g,
ABARROTES ,480 805 0700 00,Eneldo (1000 g),KILO,
ABARROTES ,480 805 0200 00,Epazote (1000 g),KILO,
ABARROTES ,480 803 0100 01,Extracto de vainilla (1000 ml),ENVASE DE 500 ml,
ABARROTES ,480 806 0200 00,Flor de Jamaica (1000 g),KILO,
ABARROTES ,480 501 0200 00,Frijol bayo (1000 g),KILO,
ABARROTES ,480 501 0600 00,Frijol negro  (1000 g),KILO,
ABARROTES ,480 501 0103 00,Frijol peruano (1000 g),KILO,
ABARROTES ,480 406 0600 00,Galleta integral caja con bolsa de polietileno (1000 g),CAJA DE 1000 g,
ABARROTES ,480 406 0700 00,Galleta maría caja (1000 g),CAJA DE 1000 g,
ABARROTES ,480 406 0901 00,Galleta Salada en Envase Individual (42 paquetes de 12 g),CAJA C/42 PAQUETES DE 12 g,
ABARROTES ,480 502 0100 01,Garbanzo  (1000 g),KILO,
ABARROTES ,480 804 0100 00,Grenetina en polvo (1000 g),KILO,
ABARROTES ,480 503 0100 01,Haba seca  (1000 g),KILO,
ABARROTES ,480 402 0400 00,Harina de arroz caja (1000 g),KILO,
ABARROTES ,480 405 0200 00,"Harina de maíz nixtamalizada bolsa de papel laminado (1000 g) (Para tortillas, tamales)",KILO,
ABARROTES ,480 406 1100 00,"Harina de trigo bolsa de papel (1000 g) (Harina de hotcakes, hornear)",KILO,
ABARROTES ,480 405 0301 01,Harina maíz s/nixtamalizado con sabor (1000 g) (Fécula con sabor),KILO,
ABARROTES ,480 405 0301 02,Harina maíz s/nixtamalizado de sabores sobres (50 g) (Fécula de sabor),CAJA C/50 SOBRES DE 50 g,
ABARROTES ,480 405 0300 01,Harina de maiz s/nixtamalizar sin sabor (1000g) (Fécula sin sabor),KILO,
ABARROTES ,480 805 0300 00,"Hierbas de olor (laurel, mejorana, tomillo) (Mix)",KILO,
ABARROTES ,480 405 0400 00,Hojuelas de maíz sin azúcar caja (660g),CAJA DE 660 g,
ABARROTES ,480 606 0300 00,Jamoncillo (30 g),PIEZA DE 30 g,
ABARROTES ,480 602 0904 00,Jugo de Manzana Ultrapasteurizado (1000 ml),ENVASE DE 1000 ml,
ABARROTES ,480 602 0903 01,Jugo de Manzana Ultrapasteurizado (250 ml),ENVASE DE 250 ml,
ABARROTES ,480 602 0907 00,Jugo de Uva Ultrapasteurizado (1000 ml),ENVASE DE 1000 ml,
ABARROTES ,480 602 0907 01,Jugo de Uva Ultrapasteurizado (250 ml),ENVASE DE 250 ml,
ABARROTES ,480 805 0301 00,Laurel (1000 g),KILO,
ABARROTES ,480 504 0100 01,Lenteja  (1000 g),KILO,
ABARROTES ,480 405 0101 00,Maíz cacahuazintle precocido (1000 g) (maíz pozolero),KILO,
ABARROTES ,480 702 0200 00,Manteca vegetal papel parafinado (1000 g) ,KILO,
ABARROTES ,480 703 0100 02,Mayonesa (3350 g),ENVASE DE 3350 g,
ABARROTES ,480 703 0100 05,Mayonesa (1000 g),ENVASE DE 1000 g,
ABARROTES ,480 703 0100 03,Mayonesa (500 g),ENVASE DE 500 g,
ABARROTES ,480 703 0100 00,Mayonesa (390 g),ENVASE DE 390 g,
ABARROTES ,480 805 0302 00,Mejorana (1000 g),KILO,
ABARROTES ,480 610 0301 00,Mermelada de fresa individual (20 g) caja 250 piezas,CAJA C/250 PIEZAS DE 20 g,
ABARROTES ,480 611 0100 01,Miel de abeja frasco de vidrio de (500 g),FRASCO DE 500 g,
ABARROTES ,480 611 0100 00,Miel de abeja frasco de vidrio de (330 g),FRASCO DE 330 g,
ABARROTES ,480 611 0200 00,Miel de maíz frasco de vidrio de (500 ml),FRASCO DE 500 g,
ABARROTES ,480 302 2601 01,Mole poblano o rojo en pasta (1000 g),KILO,
ABARROTES ,480 302 2602 01,Mole verde en pasta (1000 g),KILO,
ABARROTES ,480 809 0300 00,Mostaza preparado (450 g),ENVASE DE 450 g,
ABARROTES ,480 603 0200 00,Nieve de sabores (1000 ml),ENVASE DE 1000 ml,
ABARROTES ,480 704 0400 00,Nuez sin cascara  (1000g),KILO,
ABARROTES ,480 802 0800 01,Orégano en hoja (60 g),EMPAQUE DE 60 g,
ABARROTES ,480 607 0600 00,Palanqueta de cacahuate bolsa individual de celofán (30 g),PIEZA DE 30 g,
ABARROTES ,480 607 0700 00,Palanqueta de pepita bolsa individual de celofán pieza (30 g),PIEZA DE 30 g,
ABARROTES ,480 603 0300 00,Paleta helada individual bolsa individual metalizada de polietileno (120 ml),PIEZA DE 120 ml,
ABARROTES ,480 406 2600 01,"Pastas para Sopa Cortas (Codito, 500 g)",PAQUETE DE 500 g,
ABARROTES ,480 406 2601 01,"Pastas para Sopa Cortas (Fideo, 500 g)",PAQUETE DE 500 g,
ABARROTES ,480 406 2602 01,"Pastas para Sopa Cortas (Letras, 500 g)",PAQUETE DE 500 g,
ABARROTES ,480 406 2603 01,"Pastas para Sopa Cortas (Munición, 500 g)",PAQUETE DE 500 g,
ABARROTES ,480 406 2604 01,"Pastas para Sopa Cortas (Pipirín, 500 g)",PAQUETE DE 500 g,
ABARROTES ,480 406 2605 01,"Pastas para Sopa Cortas (Pluma, 500 g)",PAQUETE DE 500 g,
ABARROTES ,480 406 2606 01,"Pastas para Sopa Largas (Espagueti, 500 g)",PAQUETE DE 500 g,
ABARROTES ,480 406 2607 01,"Pastas para Sopa Largas (Macarrón, 500 g)",PAQUETE DE 500 g,
ABARROTES ,480 406 2608 01,"Pastas para Sopa Largas (Tallarín, 500 g)",PAQUETE DE 500 g,
ABARROTES ,480 805 0600 00,Perejil (1000 g),KILO,
ABARROTES ,480 601 0300 00,Piloncillo (1000 g),KILO,
ABARROTES ,480 802 0903 00,Pimienta blanca entera (60 g),EMPAQUE DE 60 g,
ABARROTES ,480 802 0902 00,Pimienta negra entera (60 g),EMPAQUE DE 60 g,
ABARROTES ,480 802 0901 00,Pimienta negra molida (60 g),EMPAQUE DE 60 g,
ABARROTES ,480 807 0100 00,Polvo para hornear  (454 g),EMMPAQUE DE 454 g,
ABARROTES ,480 609 0100 01,Polvo para preparar gelatina de agua bolsa de polipropileno (1000g) ,EMPAQUE DE 1000 g,
ABARROTES ,480 609 0100 00,Polvo para preparar gelatina de agua bolsa de polipropileno (140g) ,EMPAQUE DE 1000 g,
ABARROTES ,480 609 0200 01,Polvo para preparar gelatina de leche bolsa de polipropileno (1000 g),EMPAQUE DE 1000 g,
ABARROTES ,480 609 0200 00,Polvo para preparar gelatina de leche bolsa de polipropileno (140 g),EMPAQUE DE 1000 g,
ABARROTES ,480 609 0101 00,Polvo para preparar gelatina de agua baja en calorías bolsa de polipropileno (25 g),EMPAQUE DE 25 g,
ABARROTES ,480 808 0200 00,Sal refinada yodada bolsa de plástico (1000 g),EMPAQUE DE 1000 g,
ABARROTES ,480 809 0400 01,Salsa de tomate (cátsup) botella de plástico (450 g),BOTELLA DE PLASTICO DE 450 g,
ABARROTES ,480 406 2700 00,Salvado de trigo (500 g),PAQUETE DE 500 g,
ABARROTES ,480 704 0500 00,Semilla de calabaza limpia (1000g),KILO,
ABARROTES ,480 505 0400 00,Soya procesada texturizada bolsa de polietileno de (500 g),EMPAQUE DE 500 g,
ABARROTES ,480 806 0400 00,Te de limón zacate natural (1000 g),KILO,
ABARROTES ,480 806 0500 00,Te de manzanilla natural (1000 g),KILO,
ABARROTES ,480 806 0600 00,Te de naranjo natural (1000 g),KILO,
ABARROTES ,480 806 0700 00,Te de yerbabuena natural (1000 g),KILO,
ABARROTES ,480 806 0401 01,Te limón zacate individual caja 100 sobres.,CAJA C/1000 SOBRES,
ABARROTES ,480 806 0501 01,Te manzanilla individual caja 100 sobres.,CAJA C/1000 SOBRES,
ABARROTES ,480 806 0701 01,Te yerbabuena individual caja 100 sobres.,CAJA C/1000 SOBRES,
ABARROTES ,480 805 0303 00,Tomillo (1000 g),KILO,
ABARROTES ,480 808 0300 00,Vinagre de frutas envase de plástico (1000 ml),ENVASE DE 1000 ml,
PROTEINAS DE ORIGEN ANIMAL ,480 108 0200 00,Bistec pierna res (120 g),KILO,
PROTEINAS DE ORIGEN ANIMAL ,480 106 0203 00,Cazón fresco en filete (Reb 150 g),KILO,
PROTEINAS DE ORIGEN ANIMAL ,480 108 0300 00,Chambarete de res  (120 g),KILO,
PROTEINAS DE ORIGEN ANIMAL ,480 101 0100 00,Chuleta de Cerdo (150 g),KILO,
PROTEINAS DE ORIGEN ANIMAL ,480 108 0600 00,Falda de res (120 g),KILO,
PROTEINAS DE ORIGEN ANIMAL ,480 109 0100 00,Huevo entero (55 g),KILO,
PROTEINAS DE ORIGEN ANIMAL ,480 101 0200 00,Lomo de cerdo (120 g),KILO,
PROTEINAS DE ORIGEN ANIMAL ,480 106 0701 00,Mero en filete (120 g),KILO,
PROTEINAS DE ORIGEN ANIMAL ,480 106 0802 00,Mojarra filete fresco (120 g),KILO,
PROTEINAS DE ORIGEN ANIMAL ,480 107 0403 00,Muslo de pollo sin piel (pieza 140 g),KILO,
PROTEINAS DE ORIGEN ANIMAL ,480 107 0302 00,Pechuga de pollo deshuesada sin piel y aplanada (90 g),KILO,
PROTEINAS DE ORIGEN ANIMAL ,480 107 0301 00,Pechuga de pollo deshuesada (90 g),KILO,
PROTEINAS DE ORIGEN ANIMAL ,480 107 0303 00,Pechuga de pollo deshuesada y molida (120 g),KILO,
PROTEINAS DE ORIGEN ANIMAL ,480 107 0300 00,Pechuga de pollo sin piel y con hueso ,KILO,
PROTEINAS DE ORIGEN ANIMAL ,480 105 0100 00,Pechuga pavo congelada (1000g),KILO,
PROTEINAS DE ORIGEN ANIMAL ,480 101 0301 00,Pierna cerdo trozo (120 g),KILO,
PROTEINAS DE ORIGEN ANIMAL ,480 101 0300 00,Pierna de cerdo entero. sin/hueso (120 g),KILO,
PROTEINAS DE ORIGEN ANIMAL ,480 101 0302 00,Pierna de cerdo molida (120g),KILO,
PROTEINAS DE ORIGEN ANIMAL ,480 107 0402 00,Pierna de pollo sin piel (pieza 150 g),KILO,
PROTEINAS DE ORIGEN ANIMAL ,480 107 0401 00,Pierna y muslo de pollo con hueso y sin piel (200 g),KILO,
PROTEINAS DE ORIGEN ANIMAL ,480 107 0500 00,Pollo entero (pieza 1500 g),KILO,
PROTEINAS DE ORIGEN ANIMAL ,480 108 0700 00,Pulpa de res en trozo (120 g),KILO,
PROTEINAS DE ORIGEN ANIMAL ,480 108 0701 00,Pulpa de res molida (100 g),KILO,
LÁCTEOS ,480 701 0100 00,Crema entera de leche de vaca envase de polietileno de (900ml),ENVASE DE 300 ml,
LÁCTEOS ,480 201 0100 03,Leche descremada en polvo lata (1600 g),LATA DE 1600 g,
LÁCTEOS ,480 201 0100 01,Leche descremada en Polvo (500 g),LATA DE 500 g,
LÁCTEOS ,480  201  0101 01,Leche descremada ultrapasteurizada (1000 ml),ENVASE DE 1000 ml,
LÁCTEOS ,480 201 0101 00,Leche descremada ultrapasteurizada (250 ml),ENVASE DE 250 ml,
LÁCTEOS ,480 201 0200 00,Leche entera deslactosada ultrapasteurizada (1000 ml),ENVASE DE 1000 ml,
LÁCTEOS ,480 201 0301 00,"Leche entera evaporada o concentrada, ultra pack, lata (410 ml)",ENVASE O LATA DE 410 ml,
LÁCTEOS ,480 201 0302 00,Leche entera pasteurizada (1000 ml),ENVASE DE 1000 ml,
LÁCTEOS ,480 201 0500 00,Leche semidescremada ultrapasteurizada (1000 ml),ENVASE DE 1000 ml,
LÁCTEOS ,480 701 0200 00,Mantequilla sin Sal (1000 g),PIEZA DE 1000 g,
LÁCTEOS ,480 701 0200 01,Mantequilla sin Sal (500 g),PIEZA DE 500 g,
LÁCTEOS ,480 701 0200 03,Mantequilla sin Sal (220 g),PIEZA DE 220 g,
LÁCTEOS ,480 701 0200 02,Mantequilla sin Sal (90 g),PIEZA DE 90 g,
LÁCTEOS ,480 701 0201 00,Mantequilla sin Sal en Envase Individual (10 g),ENVASE INDIVIDUAL DE 10 g,
LÁCTEOS ,480 701 0101 00,Media crema de leche de vaca lata (225 g),LATA DE 225 g,
LÁCTEOS ,480 202 0204 01,Queso ańejo (1000 g),EMPAQUE DE 1000 g,
LÁCTEOS ,480 202 0207 02,Queso cottage bajo en Grasas (1000 g),ENVASE DE 1000 g,
LÁCTEOS ,480 202 0207 01,"Queso cottage bajo en Grasas (Pieza 500 g, Paquete 1000 g)",ENVASE DE 1000 g,
LÁCTEOS ,480 202 0100 01,"Queso fresco (1000 g), envasado en empaque impermeable",EMPAQUE DE 1000 g,
LÁCTEOS ,480 202 0100 00,"Queso fresco paquete envasado en empaque impermeable (Pieza 500 g, Paquete 1000 g)",EMPAQUE DE 1000 g,
LÁCTEOS ,480 202 0209 01,Queso manchego bajo en grasa (Rebanada 30 g Paquete 1000 g),PAQUETE DE 1000 g C/REBANADAS DE 30 g,
LÁCTEOS ,480 202 0209 02,"Queso manchego bajo en grasa (Rebanada 100 g, Paquete 1000 g)",PAQUETE DE 1000 g C/REBANADAS DE 100 g,
LÁCTEOS ,480 202 0102 01 ,"Queso oaxaca (1000 g), envasado en empaque impermeable",EMPAQUE DE 1000 g,
LÁCTEOS ,480 202 0102 00,"Queso oaxaca envasado en empaque impermeable (Pieza 500 g, Paquete 1000 g)",EMPAQUE DE 1000 g,
LÁCTEOS ,480 202 0101 02,"Queso panela paquete (1000 g), envasado en empaque impermeable",EMPAQUE DE 1000 g,
LÁCTEOS ,480 202 0101 01,"Queso panela, envasado en empaque impermeable (Pieza 500 g, Paquete 1000 g)",EMPAQUE DE 1000 g,
LÁCTEOS ,480 202 0103 01 ,"Requesón sin sal (1000 g), envasado en empaque impermeable",EMPAQUE DE 1000 g,
LÁCTEOS ,480 202 0103 00,"Requesón sin sal (500 g), envasado en empaque impermeable",EMPAQUE DE 500 g,
LÁCTEOS ,480 202 0301 01,Yogur natural de leche descremada (1000 ml),ENVASE DE 1000 ml,
LÁCTEOS ,480 202 0301 02,Yogurt natural de leche descremada (150 ml),ENVASE DE 150 ml,
EMBUTIDOS ,480 103 0302 02,"Jamón de Pechuga de Pavo (Rebanada 30 g, Paquete 1000 g)",PAQUETE DE 1000 g C/REBANADAS DE 30 g,
EMBUTIDOS ,480 103 0302 01,"Jamón de Pechuga de Pavo (Rebanada 30 g, Paquete 500 g)",PAQUETE DE 500 g C/REBANADAS DE 30 g,
EMBUTIDOS ,480 103 0700 01,"Salchicha de Pavo Viena (Pieza 40 g, Paquete 1000 g)",PAQUETE DE 1000 g,
EMBUTIDOS ,480 103 0700 00,"Salchicha de Pavo Viena (Pieza 40 g, Paquete 500 g)",PAQUETE DE 500 g,
FRUTAS Y VERDURAS ,480 301 0100 00,Cańa ,KILO,
FRUTAS Y VERDURAS ,480 301 0200 00,Chabacano,KILO,
FRUTAS Y VERDURAS ,480 301 0501 00,Ciruela amarilla,KILO,
FRUTAS Y VERDURAS ,480 301 0503 00,Ciruela procesada deshidratada (ciruela pasa),KILO,
FRUTAS Y VERDURAS ,480 301 0502 00,Ciruela roja,KILO,
FRUTAS Y VERDURAS ,480 301 0600 00,Durazno (melocotón),KILO,
FRUTAS Y VERDURAS ,480 301 0800 00,Granada roja,KILO,
FRUTAS Y VERDURAS ,480 301 0900 00,Guanábana,KILO,
FRUTAS Y VERDURAS ,480 301 1000 00,Guayaba,KILO,
FRUTAS Y VERDURAS ,480 301 1100 00,Jícama,KILO,
FRUTAS Y VERDURAS ,480 301 1202 00,Lima dulce,KILO,
FRUTAS Y VERDURAS ,480 301 1301 00,Limón con semilla del no. 5,KILO,
FRUTAS Y VERDURAS ,480 301 1500 00,Mamey,KILO,
FRUTAS Y VERDURAS ,480 301 1603 00,Mandarina,KILO,
FRUTAS Y VERDURAS ,480 301 1701 00,Mango atufo,KILO,
FRUTAS Y VERDURAS ,480 301 1702 00,Mango manila,KILO,
FRUTAS Y VERDURAS ,480 301 1803 00,Manzana ,KILO,
FRUTAS Y VERDURAS ,480 301 1901 00,Melón chino ,KILO,
FRUTAS Y VERDURAS ,480 301 1902 00,Melón valenciano,KILO,
FRUTAS Y VERDURAS ,480 301 2001 00,Naranja ,KILO,
FRUTAS Y VERDURAS ,480 301 2102 00,Papaya roja,KILO,
FRUTAS Y VERDURAS ,480 301 2202 00,Pera mantequilla ,KILO,
FRUTAS Y VERDURAS ,480 301 2300 00,Perón golden ,KILO,
FRUTAS Y VERDURAS ,480 301 2400 00,Pińa miel,KILO,
FRUTAS Y VERDURAS ,480 301 2501 00,Plátano dominico,KILO,
FRUTAS Y VERDURAS ,480 301 2502 00,Plátano macho,KILO,
FRUTAS Y VERDURAS ,480 301 2505 00,Plátano tabasco pza. 200 gr. Aprox. Punta verde,KILO,
FRUTAS Y VERDURAS ,480 301 2600 00,Sandia,KILO,
FRUTAS Y VERDURAS ,480 806 0300 00,Tamarindo (1000 g),KILO,
FRUTAS Y VERDURAS ,480 301 2700 00,Tejocote,KILO,
FRUTAS Y VERDURAS ,480 301 2801 00,Toronja roja,KILO,
FRUTAS Y VERDURAS ,480 301 2900 00,Tuna,KILO,
FRUTAS Y VERDURAS ,480 301 3004 00,Uva procesada deshidratada (1000 g),KILO,
FRUTAS Y VERDURAS ,480 301 3003 00,Uva sin semilla,KILO,
FRUTAS Y VERDURAS ,480 302 0100 00,Acelga,KILO,
FRUTAS Y VERDURAS ,480 302 0202 00,Aguacate hass,KILO,
FRUTAS Y VERDURAS ,480 302 0300 00,Apio,KILO,
FRUTAS Y VERDURAS ,480 302 0400 00,Betabel,KILO,
FRUTAS Y VERDURAS ,480 302 0500 00,Brócoli,KILO,
FRUTAS Y VERDURAS ,480 302 0602 00,Calabacita italiana ,KILO,
FRUTAS Y VERDURAS ,480 302 0700 00,Calabaza de castilla,KILO,
FRUTAS Y VERDURAS ,480 302 0801 00,Camote amarillo ,KILO,
FRUTAS Y VERDURAS ,480 302 0901 00,Cebolla blanca grande,KILO,
FRUTAS Y VERDURAS ,480 302 0902 00,Cebolla cambray,KILO,
FRUTAS Y VERDURAS ,480 302 0903 00,Cebolla morada,KILO,
FRUTAS Y VERDURAS ,480 302 1000 00,Champińón fresco,KILO,
FRUTAS Y VERDURAS ,480 302 1102 00,Chayote sin espinas ,KILO,
FRUTAS Y VERDURAS ,480 302 1201 00,Chícharo limpio,KILO,
FRUTAS Y VERDURAS ,480 302 1300 00,Chilacayote,KILO,
FRUTAS Y VERDURAS ,480 302 1404 00,Chile chilaca,KILO,
FRUTAS Y VERDURAS ,480 302 1402 00,Chile de árbol,KILO,
FRUTAS Y VERDURAS ,480 302 1406 00,Chile habanero,KILO,
FRUTAS Y VERDURAS ,480 302 1407 00,Chile jalapeńo,KILO,
FRUTAS Y VERDURAS ,480 302 1408 00,Chile largo o güero,KILO,
FRUTAS Y VERDURAS ,480 302 1409 00,Chile poblano,KILO,
FRUTAS Y VERDURAS ,480 302 1501 00,Chile seco ancho,KILO,
FRUTAS Y VERDURAS ,480 302 1410 00,Chile serrano,KILO,
FRUTAS Y VERDURAS ,480 805 0100 00,Cilantro ,KILO,
FRUTAS Y VERDURAS ,480 302 1701 00,Col blanca,KILO,
FRUTAS Y VERDURAS ,480 302 1702 00,Col morada,KILO,
FRUTAS Y VERDURAS ,480 302 1801 00,Coliflor fresca,KILO,
FRUTAS Y VERDURAS ,480 302 1900 00,Ejote,KILO,
FRUTAS Y VERDURAS ,480 302 2001 00,Elote fresco entero,KILO,
FRUTAS Y VERDURAS ,480 302 2002 00,Elote procesado congelado desgranado ,KILO,
FRUTAS Y VERDURAS ,480 302 2101 00,Espinaca fresca,KILO,
FRUTAS Y VERDURAS ,480 302 2200 00,Flor de calabaza,KILO,
FRUTAS Y VERDURAS ,480 303 0101 00,Germinado de alfalfa,KILO,
FRUTAS Y VERDURAS ,480 303 0102 00,Germinado de soya,KILO,
FRUTAS Y VERDURAS ,480 302 2301 00,Haba verde s/vaina,KILO,
FRUTAS Y VERDURAS ,480 805 0400 00,Hoja de aguacate (fresca de 1000 g),KILO,
FRUTAS Y VERDURAS ,480 805 0500 00,Hoja de plátano (fresca de 1000 g),KILO,
FRUTAS Y VERDURAS ,480 802 0700 00,Jengibre en raíz entera (1000 g),KILO,
FRUTAS Y VERDURAS ,480 302 2401 00,Jitomate bola ,KILO,
FRUTAS Y VERDURAS ,480 302 2402 00,Jitomate guaje o guajiro,KILO,
FRUTAS Y VERDURAS ,480 302 2502 00,Lechuga romana,KILO,
FRUTAS Y VERDURAS ,480 302 2501 00,Lechuga orejona ,KILO,
FRUTAS Y VERDURAS ,480 302 2800 00,Nopal,KILO,
FRUTAS Y VERDURAS ,480 302 2901 00,Papa amarilla,KILO,
FRUTAS Y VERDURAS ,480 302 2902 00,Papa blanca grande,KILO,
FRUTAS Y VERDURAS ,480 302 2903 00,Papa cambray,KILO,
FRUTAS Y VERDURAS ,480 302 3000 00,Pepino grande,KILO,
FRUTAS Y VERDURAS ,480 302 3100 00,Pimiento morrón fresco,KILO,
FRUTAS Y VERDURAS ,480 302 3300 00,Quelite,KILO,
FRUTAS Y VERDURAS ,480 302 3401 00,Rábano chico,KILO,
FRUTAS Y VERDURAS ,480 302 3500 00,Romeritos,KILO,
FRUTAS Y VERDURAS ,480 302 3600 00,Tomate verde grande y limpio,KILO,
FRUTAS Y VERDURAS ,480 302 3700 00,Verdolaga,KILO,
FRUTAS Y VERDURAS ,480 302 3800 00,Xoconostle,KILO,
FRUTAS Y VERDURAS ,480 302 3900 00,Zanahoria grande ,KILO,
PAN Y TORTILLA ,480 406 1200 01,"Pan blanco (60 g) (bolillo, telera, pambazo, cemita)",PIEZA,
PAN Y TORTILLA ,480 406 1300 01,Pan blanco de caja (640 g / 23 reb),PAQUETE DE 640 g,
PAN Y TORTILLA ,480 406 1400 00,Pan bollo (hamburguesa) (450 g / 8 pzs),PAQUETE C/8 PIEZAS,
PAN Y TORTILLA ,480 406 2100 01,"Pan dulce de pasta fermentada (40 g) (cuernitos, dona, panqué, concha, trenza, cocol, besos)",PIEZA,
PAN Y TORTILLA ,480 406 2101 00,Pan dulce integral de pasta fermentada (30 g),PIEZA,
PAN Y TORTILLA ,480 406 1500 01,Pan integral de caja (750 g 24 reb),PAQUETE DE 750 g,
PAN Y TORTILLA ,480 406 1700 01,Pan medias noches (680 g/ 16 pzs),PAQUETE DE C/16 PIEZAS,
PAN Y TORTILLA ,480 406 1800 00,Pan molido (1000 g),KILO,
PAN Y TORTILLA ,480 406 2000 00,Pan tostado de caja (210 g / 14 reb),PAQUETE DE 210 g,
PAN Y TORTILLA ,480 405 0600 00,Tortilla de maíz (1000 g),KILO,
PAN Y TORTILLA ,480 406 2800 00,Tortilla de harina de trigo (520 g/20 pzas),PAQUETE DE 20 PZAS,
PAN Y TORTILLA ,480 406 2900 01,Tortilla de harina de trigo integral (560 g/22 pzas),PAQUETE DE 22 PZAS,
PAN Y TORTILLA ,480 405 0600 00,Tostada (paquete 0.324 g),PAQUETE DE 324 g,
BOX LUNCH,481 101 0100 00 ,"Dieta tipo A Normal para donadores, onocologicos, embarazadas",PIEZA ,
BOX LUNCH,481 102 0101 00,"Dieta tipo B  Blanda, hiposódica para corta estancia ",PIEZA ,
BOX LUNCH,481 103 0101 00,"Dieta tipo C Baja en grasa, para diabético ",PIEZA ,
FÓRMULAS LÁCTEAS ,480 109 0200 00,Albúmina Deshidratada 500 g,ENVASE DE 500 g,
FÓRMULAS LÁCTEAS ,010.000.0022.00,Caseinato de Calcio (100 g),ENVASE DE 100 g,
FÓRMULAS LÁCTEAS ,010.000.2736.00,Dieta Elemental en polvo (80.4 g),SOBRE DE 80.4 g,
FÓRMULAS LÁCTEAS ,"010.000.5391.00	",Dieta Polimérica Sin Fibra en polvo (900 g),ENVASE DE 900 g,
FÓRMULAS LÁCTEAS ,030.000.0014.00,Fórmula de Continuación Etapa 2 (454 g),ENVASE DE 454 g,
FÓRMULAS LÁCTEAS ,030.000.0011.00,Fórmula de Inicio Etapa 1  Polvo (800 g),ENVASE DE 800 g,
FÓRMULAS LÁCTEAS ,030.000.0013.00,Fórmula para lactantes con Proteína extensamente hidrolizada en polvo (450 g),ENVASE DE 450 g,
FÓRMULAS LÁCTEAS ,030.000.0003.00,Fórmula de Prematuro  Polvo (463 g),ENVASE DE 463 g,
FÓRMULAS LÁCTEAS ,030.000.0012.00,Fórmula Sin Lactosa Polvo (454 g),ENVASE DE 454 g,
FÓRMULAS LÁCTEAS ,,Maltodextrina 100 %,EMPAQUE DE 1000 g,
OTROS,,,,
,,Masa para tamal,KILO,
,,CHILE PIMIENTO MORRON VERDE,KILO,
,,CHILE PIMIENTO MORRON ROJO,KILO,
,,PIMIENTO MORRON AMARILLO,KILO,
,,NARANJA AGRIA,KILO,
,,CARNE MOLIDA DE RES ,KILO,
,,fresa,kilo,
,,MILANESA DE POLLO,KILO,
,,POLLOS ENTEROS PIEZAS DE 2.5 KG,KILO,
,,PULPA DE RES,KILO,
,,HUEVO REJA CON 30 PIEZAS,KILO,
,,YOGURTH CREMOSO DE DIFERENTES SABORES BOTE DE 125 GRAMOS,PIEZA,
,,TAMARINDO EN PULPA,KILO,
,,CUERNITOS DE SAL GRANDES,PIEZA,
,,PAN DULCE,PIEZA,
,,BOLSA DE NYLON TRANSPARENTEE 20X30,KILO,
,,CLORO 6% CEONCENTRADO DE 950ML MARCA CLARASOL,PIEZA,
,,FIBRAS VERDES SIN ESPONJA,PIEZA,
,,TOALLA INTERDOBLADA SANITAS DE 24CM x 21CM C/20PAQ C/100 PZAS,CAJA,
,,Pulpa de cerdo,KILOGRAMO,
,,CALABAZA CRIOLLA ,KILO,
,,CHILE HABANERO,KILO,
,,CHILE PIMIENTO MORRON ROJO,KILO,
,,CHILE PIMIENTO MORRON VERDE,KILO,
,,LONGANIZA,KILO,
,,MARACUYA EN PULPA,KILO,
,,YUCA,KILO,
,,,,
,,,,
,,,,
,,,,
,,,,
,,,,
,,,,
,,,,
,,,,
,,,,
,,,,
